Ange Fitchett,Room 284
Eliza Denisot,Room 545
Katha Heister,PO Box 21715
Amalea De Witt,Apt 1778
Willy Rawling,Room 1606
Cassi Neno,Apt 1919
Tedman O'Cooney,Room 766
Peggie Noar,Room 214
Clemente Kummerlowe,Room 1041
Berri Elcum,20th Floor
Domeniga Lea,Apt 1207
Garvey Wingfield,Apt 67
Curtice Pantlin,PO Box 73248
Morie Loan,PO Box 7527
Morgen Firpo,Suite 20
Paxon Rolfini,PO Box 25300
Theodoric Huncoot,PO Box 26020
Bambi Labbez,Room 307
Vale Gallandre,2nd Floor
Kipper Grindrod,Suite 34
Eamon Prandi,Suite 14
Nicolle Vannucci,Apt 1728
Pepita Shorte,Room 1747
Abby Whitlow,15th Floor
Malinda Garrard,Suite 91
Thoma Andryushin,Suite 60
Corabelle Odhams,Apt 327
Ted Habershaw,Room 827
Florina Witten,Apt 1908
Louise Estick,9th Floor
Huntington Predohl,Apt 1114
De witt Petracco,Suite 66
Ernst Barhims,Suite 76
Nick Mapstone,19th Floor
Domini Roos,Apt 724
Emyle Sambath,Room 1391
Frannie Chaucer,Suite 53
Dilly Dibley,Apt 1123
Wildon Woolford,PO Box 100
Floyd Racher,PO Box 98901
Mel Luckman,Room 185
Kennith Tassell,PO Box 10967
Elga Kasting,4th Floor
Perla Perle,PO Box 71915
Bobbi Taill,Suite 49
Hi Ivakhin,Apt 1829
Noak Grandison,Suite 52
Padget Bridgement,Room 111
Bobbye Angerstein,Apt 375
Kelci Mill,Apt 133
Max Godier,8th Floor
Care Dinkin,20th Floor
Rebe Haburne,Apt 1664
Kath Clamo,11th Floor
Johnathon Casham,Room 806
Dulcea Gohn,Suite 64
Verine Ferrarin,8th Floor
Nyssa Zuker,Suite 81
Madonna Kubas,Room 1647
Scarface Harlin,1st Floor
Zenia Rimmer,Suite 62
Davis Catcheside,Room 1748
Deanne Hune,Apt 427
Bron Langsdon,6th Floor
Riva Blakeston,Suite 46
Chiarra Cowwell,Suite 65
Cobb Chaudron,PO Box 36828
Elton Nail,PO Box 37773
Shirlee Brenston,Room 1644
Teresa Bott,7th Floor
Klarrisa Batrim,PO Box 38303
Leland O'Carran,Apt 1765
Carlita Wetherby,PO Box 302
Pepillo Scholes,10th Floor
Bernie Whisby,Suite 77
Gasper Parnaby,Suite 41
Denise Beminster,5th Floor
Andria Gladdifh,Suite 25
Salomon Illing,2nd Floor
Pierce Wrigley,17th Floor
Brent Velti,PO Box 61128
Remy Bhatia,Suite 75
Natal Beazleigh,Apt 1697
Herold Goldbourn,Suite 86
Janeta Cinnamond,Suite 5
Kilian Binstead,Suite 50
Con Tallman,PO Box 11667
Normand Freak,PO Box 39084
Kristopher Inker,Apt 1941
Hakeem Neesham,Suite 64
Caterina Vittore,PO Box 8938
Caryl Bleesing,Suite 9
Gaven McGeown,Room 1151
Caryn Lynas,Suite 30
Vinita Rodell,PO Box 42684
Chaddy Tofful,13th Floor
Viviana Godney,Apt 1532
Kaspar Gloyens,Suite 27
Jerome Labb,PO Box 89109
Thorstein Lehemann,Room 1653
